{"Remove course.": null, "Give evaluations.": null, "What notes?": {"on": 1.798421454598778, "information": 1.798421454598778, "have": 1.798421454598778, "else": 1.798421454598778, "do": 1.798421454598778, "about": 1.798421454598778, "you": 1.0116009116784799, "tell": 0.9744622380976957, "me": 0.9744622380976957, "can": 0.3389888428072929, "what": 0.3184537311185346, "!coursecode?": -0.3746934494414107}, "What email?": null, "What equivalents?": null, "What prereqs?": null, "Who teaches?": {"will": 1.022848855343055, "who?": 1.022848855343055, "taught": 1.022848855343055, "professor": 1.022848855343055, "name": 1.022848855343055, "instructor": 1.022848855343055, "instructing": 1.022848855343055, "for": 1.022848855343055, "charge": 1.022848855343055, "by": 1.022848855343055, "be": 1.022848855343055, "!coursecodeis": 1.022848855343055, "tell": 0.7795697904781566, "me": 0.7795697904781566, "who": 0.7081206381749359, "person": 0.7081206381749359, "of": 0.7081206381749359, "you": 0.6069605470070879, "in": 0.6069605470070879, "teaching": 0.4849086428562524}, "When offered?": {"year": 1.4986845454989817, "which": 1.4986845454989817, "time": 1.4986845454989817, "terms": 1.4986845454989817, "quarters": 1.4986845454989817, "!coursecodeoffered?": 1.4986845454989817, "when": 1.278561069178819, "take": 1.0116009116784799, "i": 1.0116009116784799, "in": 0.7587006837588599, "can": 0.4519851237430572, "is": 0.28249070233941076, "what": 0.23884029833890094, "the": 0.0, "!coursecode?": -0.3746934494414107}, "Add course.": null, "What major requirements?": null, "Check remaining major requirements.": null}