{"what": 0.3184537311185346, "else": 2.3978952727983707, "can": 0.4519851237430572, "you": 1.0116009116784799, "tell": 1.2992829841302609, "me": 1.2992829841302609, "about": 2.3978952727983707, "!coursecode?": -0.3746934494414107, "information": 2.3978952727983707, "do": 2.3978952727983707, "have": 2.3978952727983707, "on": 2.3978952727983707, "is": 0.4519851237430572, "the": 0.0, "instructor": 1.7047480922384253, "for": 1.7047480922384253, "who": 1.0116009116784799, "professor": 1.7047480922384253, "teaching": 0.6061358035703155, "name": 1.7047480922384253, "of": 1.0116009116784799, "person": 1.0116009116784799, "instructing": 1.7047480922384253, "in": 1.0116009116784799, "charge": 1.7047480922384253, "will": 1.7047480922384253, "be": 1.7047480922384253, "!coursecodeis": 1.7047480922384253, "taught": 1.7047480922384253, "by": 1.7047480922384253, "who?": 1.7047480922384253, "when": 1.7047480922384253, "i": 1.0116009116784799, "take": 1.0116009116784799, "quarters": 2.3978952727983707, "!coursecodeoffered?": 2.3978952727983707, "time": 2.3978952727983707, "which": 2.3978952727983707, "terms": 2.3978952727983707, "year": 2.3978952727983707}